DrawDateText,DrawDate,N1,N2,N3,N4,N5,Thunderball,Winners,Source
Tuesday 2nd January 2024,2024-01-02,18,19,20,24,26,14,81983,https://www.lottery.co.uk/thunderball/results/archive-2024
Wednesday 3rd January 2024,2024-01-03,1,2,16,29,32,3,103706,https://www.lottery.co.uk/thunderball/results/archive-2024
Friday 5th January 2024,2024-01-05,4,18,28,34,38,10,102478,https://www.lottery.co.uk/thunderball/results/archive-2024
Saturday 6th January 2024,2024-01-06,1,6,23,38,39,2,137244,https://www.lottery.co.uk/thunderball/results/archive-2024
Tuesday 9th January 2024,2024-01-09,2,12,25,32,39,6,81210,https://www.lottery.co.uk/thunderball/results/archive-2024
Wednesday 10th January 2024,2024-01-10,2,11,14,32,34,1,86852,https://www.lottery.co.uk/thunderball/results/archive-2024
Friday 12th January 2024,2024-01-12,2,7,17,33,34,7,121545,https://www.lottery.co.uk/thunderball/results/archive-2024
Saturday 13th January 2024,2024-01-13,17,18,36,37,39,3,149983,https://www.lottery.co.uk/thunderball/results/archive-2024
Tuesday 16th January 2024,2024-01-16,3,4,8,9,18,4,85730,https://www.lottery.co.uk/thunderball/results/archive-2024
Wednesday 17th January 2024,2024-01-17,7,17,21,27,36,14,93235,https://www.lottery.co.uk/thunderball/results/archive-2024
Friday 19th January 2024,2024-01-19,1,25,32,37,38,1,77715,https://www.lottery.co.uk/thunderball/results/archive-2024
Saturday 20th January 2024,2024-01-20,18,20,24,26,33,14,137443,https://www.lottery.co.uk/thunderball/results/archive-2024
Tuesday 23rd January 2024,2024-01-23,2,9,28,35,37,8,88941,https://www.lottery.co.uk/thunderball/results/archive-2024
Wednesday 24th January 2024,2024-01-24,14,15,18,30,32,14,88559,https://www.lottery.co.uk/thunderball/results/archive-2024
Friday 26th January 2024,2024-01-26,1,9,12,26,35,7,124477,https://www.lottery.co.uk/thunderball/results/archive-2024
Saturday 27th January 2024,2024-01-27,2,14,18,27,35,10,148884,https://www.lottery.co.uk/thunderball/results/archive-2024
Tuesday 30th January 2024,2024-01-30,12,17,24,31,39,9,86605,https://www.lottery.co.uk/thunderball/results/archive-2024
Wednesday 31st January 2024,2024-01-31,5,7,15,26,37,2,87250,https://www.lottery.co.uk/thunderball/results/archive-2024
Friday 2nd February 2024,2024-02-02,7,11,31,33,37,9,103690,https://www.lottery.co.uk/thunderball/results/archive-2024
Saturday 3rd February 2024,2024-02-03,2,11,17,32,39,4,153080,https://www.lottery.co.uk/thunderball/results/archive-2024
Tuesday 6th February 2024,2024-02-06,3,15,26,27,36,12,77124,https://www.lottery.co.uk/thunderball/results/archive-2024
Wednesday 7th February 2024,2024-02-07,3,7,10,13,30,9,106974,https://www.lottery.co.uk/thunderball/results/archive-2024
Friday 9th February 2024,2024-02-09,1,10,11,23,33,10,96647,https://www.lottery.co.uk/thunderball/results/archive-2024
Saturday 10th February 2024,2024-02-10,2,4,6,14,38,9,159456,https://www.lottery.co.uk/thunderball/results/archive-2024
Tuesday 13th February 2024,2024-02-13,9,14,24,33,36,5,95710,https://www.lottery.co.uk/thunderball/results/archive-2024
Wednesday 14th February 2024,2024-02-14,11,15,20,35,39,14,96559,https://www.lottery.co.uk/thunderball/results/archive-2024
Friday 16th February 2024,2024-02-16,1,4,16,26,34,13,109798,https://www.lottery.co.uk/thunderball/results/archive-2024
Saturday 17th February 2024,2024-02-17,7,15,25,26,39,5,174474,https://www.lottery.co.uk/thunderball/results/archive-2024
Tuesday 20th February 2024,2024-02-20,7,10,21,28,33,8,98534,https://www.lottery.co.uk/thunderball/results/archive-2024
Wednesday 21st February 2024,2024-02-21,11,25,28,31,34,2,90530,https://www.lottery.co.uk/thunderball/results/archive-2024
Friday 23rd February 2024,2024-02-23,9,10,21,22,31,10,99156,https://www.lottery.co.uk/thunderball/results/archive-2024
Saturday 24th February 2024,2024-02-24,3,5,18,25,28,11,169948,https://www.lottery.co.uk/thunderball/results/archive-2024
Tuesday 27th February 2024,2024-02-27,4,17,28,30,34,10,80614,https://www.lottery.co.uk/thunderball/results/archive-2024
Wednesday 28th February 2024,2024-02-28,8,17,26,31,34,8,111493,https://www.lottery.co.uk/thunderball/results/archive-2024
Friday 1st March 2024,2024-03-01,8,9,17,30,39,7,124184,https://www.lottery.co.uk/thunderball/results/archive-2024
Saturday 2nd March 2024,2024-03-02,15,21,22,25,30,10,150270,https://www.lottery.co.uk/thunderball/results/archive-2024
Tuesday 5th March 2024,2024-03-05,12,15,21,23,37,4,87978,https://www.lottery.co.uk/thunderball/results/archive-2024
Wednesday 6th March 2024,2024-03-06,18,19,23,28,29,3,108210,https://www.lottery.co.uk/thunderball/results/archive-2024
Friday 8th March 2024,2024-03-08,1,3,20,21,39,1,86705,https://www.lottery.co.uk/thunderball/results/archive-2024
Saturday 9th March 2024,2024-03-09,3,5,8,20,24,1,133271,https://www.lottery.co.uk/thunderball/results/archive-2024
Tuesday 12th March 2024,2024-03-12,7,8,9,11,38,13,83435,https://www.lottery.co.uk/thunderball/results/archive-2024
Wednesday 13th March 2024,2024-03-13,7,8,21,24,29,9,105012,https://www.lottery.co.uk/thunderball/results/archive-2024
Friday 15th March 2024,2024-03-15,3,9,24,25,34,14,92426,https://www.lottery.co.uk/thunderball/results/archive-2024
Saturday 16th March 2024,2024-03-16,11,20,26,28,30,7,194073,https://www.lottery.co.uk/thunderball/results/archive-2024
Tuesday 19th March 2024,2024-03-19,1,12,14,34,35,13,77808,https://www.lottery.co.uk/thunderball/results/archive-2024
Wednesday 20th March 2024,2024-03-20,5,8,13,21,22,13,97010,https://www.lottery.co.uk/thunderball/results/archive-2024
Friday 22nd March 2024,2024-03-22,7,9,17,19,33,8,108809,https://www.lottery.co.uk/thunderball/results/archive-2024
Saturday 23rd March 2024,2024-03-23,12,14,17,25,29,14,139571,https://www.lottery.co.uk/thunderball/results/archive-2024
Tuesday 26th March 2024,2024-03-26,11,32,33,35,39,2,75425,https://www.lottery.co.uk/thunderball/results/archive-2024
Wednesday 27th March 2024,2024-03-27,11,13,26,33,35,3,103040,https://www.lottery.co.uk/thunderball/results/archive-2024
Friday 29th March 2024,2024-03-29,3,4,18,26,35,2,95332,https://www.lottery.co.uk/thunderball/results/archive-2024
Saturday 30th March 2024,2024-03-30,5,12,13,16,32,5,180347,https://www.lottery.co.uk/thunderball/results/archive-2024
Tuesday 2nd April 2024,2024-04-02,3,11,17,32,39,3,84509,https://www.lottery.co.uk/thunderball/results/archive-2024
Wednesday 3rd April 2024,2024-04-03,7,29,34,35,38,12,91856,https://www.lottery.co.uk/thunderball/results/archive-2024
Friday 5th April 2024,2024-04-05,2,7,23,35,38,5,105713,https://www.lottery.co.uk/thunderball/results/archive-2024
Saturday 6th April 2024,2024-04-06,2,11,14,30,33,7,191612,https://www.lottery.co.uk/thunderball/results/archive-2024
Tuesday 9th April 2024,2024-04-09,7,11,25,38,39,14,78768,https://www.lottery.co.uk/thunderball/results/archive-2024
Wednesday 10th April 2024,2024-04-10,8,15,21,28,29,11,106934,https://www.lottery.co.uk/thunderball/results/archive-2024
Friday 12th April 2024,2024-04-12,4,13,17,34,38,4,99257,https://www.lottery.co.uk/thunderball/results/archive-2024
Saturday 13th April 2024,2024-04-13,11,15,23,32,33,14,138849,https://www.lottery.co.uk/thunderball/results/archive-2024
Tuesday 16th April 2024,2024-04-16,6,11,17,27,39,6,88284,https://www.lottery.co.uk/thunderball/results/archive-2024
Wednesday 17th April 2024,2024-04-17,7,16,29,32,35,1,79531,https://www.lottery.co.uk/thunderball/results/archive-2024
Friday 19th April 2024,2024-04-19,7,17,19,21,24,10,102797,https://www.lottery.co.uk/thunderball/results/archive-2024
Saturday 20th April 2024,2024-04-20,12,18,21,25,38,14,136869,https://www.lottery.co.uk/thunderball/results/archive-2024
Tuesday 23rd April 2024,2024-04-23,8,14,24,37,38,1,65538,https://www.lottery.co.uk/thunderball/results/archive-2024
Wednesday 24th April 2024,2024-04-24,1,6,15,17,35,9,102714,https://www.lottery.co.uk/thunderball/results/archive-2024
Friday 26th April 2024,2024-04-26,3,14,18,28,31,3,102521,https://www.lottery.co.uk/thunderball/results/archive-2024
Saturday 27th April 2024,2024-04-27,7,20,24,27,28,7,193664,https://www.lottery.co.uk/thunderball/results/archive-2024
Tuesday 30th April 2024,2024-04-30,12,14,22,30,32,13,85749,https://www.lottery.co.uk/thunderball/results/archive-2024
Wednesday 1st May 2024,2024-05-01,2,12,15,21,22,5,113594,https://www.lottery.co.uk/thunderball/results/archive-2024
Friday 3rd May 2024,2024-05-03,3,7,11,18,32,7,124988,https://www.lottery.co.uk/thunderball/results/archive-2024
Saturday 4th May 2024,2024-05-04,11,13,14,22,25,8,171996,https://www.lottery.co.uk/thunderball/results/archive-2024
Tuesday 7th May 2024,2024-05-07,2,8,9,28,38,12,73317,https://www.lottery.co.uk/thunderball/results/archive-2024
Wednesday 8th May 2024,2024-05-08,15,21,22,23,35,10,93213,https://www.lottery.co.uk/thunderball/results/archive-2024
Friday 10th May 2024,2024-05-10,2,4,23,32,33,1,78230,https://www.lottery.co.uk/thunderball/results/archive-2024
Saturday 11th May 2024,2024-05-11,14,17,19,23,33,9,154147,https://www.lottery.co.uk/thunderball/results/archive-2024
Tuesday 14th May 2024,2024-05-14,7,16,17,27,36,1,72911,https://www.lottery.co.uk/thunderball/results/archive-2024
Wednesday 15th May 2024,2024-05-15,12,14,15,18,22,10,97780,https://www.lottery.co.uk/thunderball/results/archive-2024
Friday 17th May 2024,2024-05-17,15,17,19,26,31,14,96771,https://www.lottery.co.uk/thunderball/results/archive-2024
Saturday 18th May 2024,2024-05-18,3,26,27,36,38,2,134524,https://www.lottery.co.uk/thunderball/results/archive-2024
Tuesday 21st May 2024,2024-05-21,8,9,26,34,35,8,89305,https://www.lottery.co.uk/thunderball/results/archive-2024
Wednesday 22nd May 2024,2024-05-22,3,12,25,36,37,9,102612,https://www.lottery.co.uk/thunderball/results/archive-2024
Friday 24th May 2024,2024-05-24,6,14,27,31,32,11,107399,https://www.lottery.co.uk/thunderball/results/archive-2024
Saturday 25th May 2024,2024-05-25,3,5,13,16,36,1,124392,https://www.lottery.co.uk/thunderball/results/archive-2024
Tuesday 28th May 2024,2024-05-28,9,27,28,29,37,1,69664,https://www.lottery.co.uk/thunderball/results/archive-2024
Wednesday 29th May 2024,2024-05-29,2,3,7,19,20,3,106566,https://www.lottery.co.uk/thunderball/results/archive-2024
Friday 31st May 2024,2024-05-31,8,11,16,27,29,5,113016,https://www.lottery.co.uk/thunderball/results/archive-2024
Saturday 1st June 2024,2024-06-01,9,21,31,35,36,9,153604,https://www.lottery.co.uk/thunderball/results/archive-2024
Tuesday 4th June 2024,2024-06-04,18,23,28,29,31,8,90403,https://www.lottery.co.uk/thunderball/results/archive-2024
Wednesday 5th June 2024,2024-06-05,3,5,6,25,35,6,96658,https://www.lottery.co.uk/thunderball/results/archive-2024
Friday 7th June 2024,2024-06-07,4,9,10,18,37,7,125106,https://www.lottery.co.uk/thunderball/results/archive-2024
Saturday 8th June 2024,2024-06-08,8,15,17,25,27,6,146804,https://www.lottery.co.uk/thunderball/results/archive-2024
Tuesday 11th June 2024,2024-06-11,6,12,21,35,38,13,82116,https://www.lottery.co.uk/thunderball/results/archive-2024
Wednesday 12th June 2024,2024-06-12,11,15,19,31,36,3,98700,https://www.lottery.co.uk/thunderball/results/archive-2024
Friday 14th June 2024,2024-06-14,11,15,25,27,28,5,109735,https://www.lottery.co.uk/thunderball/results/archive-2024
Saturday 15th June 2024,2024-06-15,12,16,19,24,36,10,145790,https://www.lottery.co.uk/thunderball/results/archive-2024
Tuesday 18th June 2024,2024-06-18,3,9,12,15,34,3,84174,https://www.lottery.co.uk/thunderball/results/archive-2024
Wednesday 19th June 2024,2024-06-19,1,2,18,29,34,1,76958,https://www.lottery.co.uk/thunderball/results/archive-2024
Friday 21st June 2024,2024-06-21,3,19,26,33,34,10,93173,https://www.lottery.co.uk/thunderball/results/archive-2024
Saturday 22nd June 2024,2024-06-22,13,17,18,25,39,5,161633,https://www.lottery.co.uk/thunderball/results/archive-2024
Tuesday 25th June 2024,2024-06-25,3,5,10,32,38,14,76442,https://www.lottery.co.uk/thunderball/results/archive-2024
Wednesday 26th June 2024,2024-06-26,3,4,14,24,39,1,77196,https://www.lottery.co.uk/thunderball/results/archive-2024
Friday 28th June 2024,2024-06-28,3,9,21,22,38,2,85559,https://www.lottery.co.uk/thunderball/results/archive-2024
Saturday 29th June 2024,2024-06-29,1,3,15,23,27,7,190033,https://www.lottery.co.uk/thunderball/results/archive-2024
Tuesday 2nd July 2024,2024-07-02,27,28,30,33,38,12,76467,https://www.lottery.co.uk/thunderball/results/archive-2024
Wednesday 3rd July 2024,2024-07-03,7,13,20,22,26,10,96735,https://www.lottery.co.uk/thunderball/results/archive-2024
Friday 5th July 2024,2024-07-05,10,11,13,15,21,4,104922,https://www.lottery.co.uk/thunderball/results/archive-2024
Saturday 6th July 2024,2024-07-06,7,8,13,14,35,6,143460,https://www.lottery.co.uk/thunderball/results/archive-2024
Tuesday 9th July 2024,2024-07-09,6,12,17,23,35,14,77274,https://www.lottery.co.uk/thunderball/results/archive-2024
Wednesday 10th July 2024,2024-07-10,7,14,26,30,37,7,127273,https://www.lottery.co.uk/thunderball/results/archive-2024
Friday 12th July 2024,2024-07-12,2,5,20,22,29,11,103823,https://www.lottery.co.uk/thunderball/results/archive-2024
Saturday 13th July 2024,2024-07-13,1,22,27,28,36,8,163034,https://www.lottery.co.uk/thunderball/results/archive-2024
Tuesday 16th July 2024,2024-07-16,15,20,21,25,28,5,90606,https://www.lottery.co.uk/thunderball/results/archive-2024
Wednesday 17th July 2024,2024-07-17,11,14,16,32,39,7,124448,https://www.lottery.co.uk/thunderball/results/archive-2024
Friday 19th July 2024,2024-07-19,13,18,20,31,32,11,93642,https://www.lottery.co.uk/thunderball/results/archive-2024
Saturday 20th July 2024,2024-07-20,12,13,14,16,18,3,138147,https://www.lottery.co.uk/thunderball/results/archive-2024
Tuesday 23rd July 2024,2024-07-23,9,11,31,33,38,11,79461,https://www.lottery.co.uk/thunderball/results/archive-2024
Wednesday 24th July 2024,2024-07-24,1,3,24,33,34,5,108883,https://www.lottery.co.uk/thunderball/results/archive-2024
Friday 26th July 2024,2024-07-26,2,3,15,22,25,7,124594,https://www.lottery.co.uk/thunderball/results/archive-2024
Saturday 27th July 2024,2024-07-27,6,11,18,33,38,13,145887,https://www.lottery.co.uk/thunderball/results/archive-2024
Tuesday 30th July 2024,2024-07-30,2,15,19,22,35,3,84130,https://www.lottery.co.uk/thunderball/results/archive-2024
Wednesday 31st July 2024,2024-07-31,1,19,20,28,34,7,125551,https://www.lottery.co.uk/thunderball/results/archive-2024
Friday 2nd August 2024,2024-08-02,13,26,27,33,38,10,93030,https://www.lottery.co.uk/thunderball/results/archive-2024
Saturday 3rd August 2024,2024-08-03,2,11,12,23,24,7,188395,https://www.lottery.co.uk/thunderball/results/archive-2024
Tuesday 6th August 2024,2024-08-06,18,19,22,35,38,14,77930,https://www.lottery.co.uk/thunderball/results/archive-2024
Wednesday 7th August 2024,2024-08-07,3,15,18,30,33,6,95886,https://www.lottery.co.uk/thunderball/results/archive-2024
Friday 9th August 2024,2024-08-09,13,14,21,24,36,2,85111,https://www.lottery.co.uk/thunderball/results/archive-2024
Saturday 10th August 2024,2024-08-10,4,10,12,21,25,13,143815,https://www.lottery.co.uk/thunderball/results/archive-2024
Tuesday 13th August 2024,2024-08-13,2,3,7,9,24,4,85272,https://www.lottery.co.uk/thunderball/results/archive-2024
Wednesday 14th August 2024,2024-08-14,11,15,16,17,28,10,94604,https://www.lottery.co.uk/thunderball/results/archive-2024
Friday 16th August 2024,2024-08-16,9,13,29,30,33,13,92586,https://www.lottery.co.uk/thunderball/results/archive-2024
Saturday 17th August 2024,2024-08-17,3,10,12,18,24,13,145638,https://www.lottery.co.uk/thunderball/results/archive-2024
Tuesday 20th August 2024,2024-08-20,12,15,19,28,37,10,78204,https://www.lottery.co.uk/thunderball/results/archive-2024
Wednesday 21st August 2024,2024-08-21,1,2,6,17,22,11,98554,https://www.lottery.co.uk/thunderball/results/archive-2024
Friday 23rd August 2024,2024-08-23,5,6,11,20,33,13,96845,https://www.lottery.co.uk/thunderball/results/archive-2024
Saturday 24th August 2024,2024-08-24,5,14,16,34,39,10,140408,https://www.lottery.co.uk/thunderball/results/archive-2024
Tuesday 27th August 2024,2024-08-27,3,5,6,9,34,4,80212,https://www.lottery.co.uk/thunderball/results/archive-2024
Wednesday 28th August 2024,2024-08-28,4,6,13,16,28,3,99313,https://www.lottery.co.uk/thunderball/results/archive-2024
Friday 30th August 2024,2024-08-30,4,19,31,34,38,13,94081,https://www.lottery.co.uk/thunderball/results/archive-2024
Saturday 31st August 2024,2024-08-31,11,19,27,33,36,12,136542,https://www.lottery.co.uk/thunderball/results/archive-2024
Tuesday 3rd September 2024,2024-09-03,7,17,23,24,28,3,84402,https://www.lottery.co.uk/thunderball/results/archive-2024
Wednesday 4th September 2024,2024-09-04,6,23,25,26,30,7,128262,https://www.lottery.co.uk/thunderball/results/archive-2024
Friday 6th September 2024,2024-09-06,10,12,22,29,36,14,88873,https://www.lottery.co.uk/thunderball/results/archive-2024
Saturday 7th September 2024,2024-09-07,10,32,34,35,36,12,129966,https://www.lottery.co.uk/thunderball/results/archive-2024
Tuesday 10th September 2024,2024-09-10,12,18,24,27,32,7,105033,https://www.lottery.co.uk/thunderball/results/archive-2024
Wednesday 11th September 2024,2024-09-11,10,16,22,24,32,4,98236,https://www.lottery.co.uk/thunderball/results/archive-2024
Friday 13th September 2024,2024-09-13,4,10,11,27,32,8,109734,https://www.lottery.co.uk/thunderball/results/archive-2024
Saturday 14th September 2024,2024-09-14,4,14,21,22,29,9,164798,https://www.lottery.co.uk/thunderball/results/archive-2024
Tuesday 17th September 2024,2024-09-17,13,23,28,30,32,7,103563,https://www.lottery.co.uk/thunderball/results/archive-2024
Wednesday 18th September 2024,2024-09-18,16,18,27,29,37,5,110372,https://www.lottery.co.uk/thunderball/results/archive-2024
Friday 20th September 2024,2024-09-20,3,5,16,37,38,9,98494,https://www.lottery.co.uk/thunderball/results/archive-2024
Saturday 21st September 2024,2024-09-21,3,10,12,21,39,1,126295,https://www.lottery.co.uk/thunderball/results/archive-2024
Tuesday 24th September 2024,2024-09-24,10,13,19,22,33,11,82069,https://www.lottery.co.uk/thunderball/results/archive-2024
Wednesday 25th September 2024,2024-09-25,13,15,18,30,33,7,125915,https://www.lottery.co.uk/thunderball/results/archive-2024
Friday 27th September 2024,2024-09-27,3,4,8,14,16,5,106580,https://www.lottery.co.uk/thunderball/results/archive-2024
Saturday 28th September 2024,2024-09-28,9,11,12,22,36,5,161474,https://www.lottery.co.uk/thunderball/results/archive-2024
Tuesday 1st October 2024,2024-10-01,1,5,15,17,32,9,86370,https://www.lottery.co.uk/thunderball/results/archive-2024
Wednesday 2nd October 2024,2024-10-02,7,15,21,26,32,5,109991,https://www.lottery.co.uk/thunderball/results/archive-2024
Friday 4th October 2024,2024-10-04,19,23,25,30,39,11,96057,https://www.lottery.co.uk/thunderball/results/archive-2024
Saturday 5th October 2024,2024-10-05,2,14,22,23,26,4,148915,https://www.lottery.co.uk/thunderball/results/archive-2024
Tuesday 8th October 2024,2024-10-08,10,17,19,27,35,2,75017,https://www.lottery.co.uk/thunderball/results/archive-2024
Wednesday 9th October 2024,2024-10-09,1,3,10,18,25,2,85651,https://www.lottery.co.uk/thunderball/results/archive-2024
Friday 11th October 2024,2024-10-11,27,29,30,31,39,8,104421,https://www.lottery.co.uk/thunderball/results/archive-2024
Saturday 12th October 2024,2024-10-12,10,12,19,33,34,3,148161,https://www.lottery.co.uk/thunderball/results/archive-2024
Tuesday 15th October 2024,2024-10-15,1,13,17,23,36,13,82261,https://www.lottery.co.uk/thunderball/results/archive-2024
Wednesday 16th October 2024,2024-10-16,9,17,24,28,37,5,110978,https://www.lottery.co.uk/thunderball/results/archive-2024
Friday 18th October 2024,2024-10-18,19,27,31,37,39,8,104060,https://www.lottery.co.uk/thunderball/results/archive-2024
Saturday 19th October 2024,2024-10-19,2,13,25,26,37,1,118291,https://www.lottery.co.uk/thunderball/results/archive-2024
Tuesday 22nd October 2024,2024-10-22,14,23,27,32,33,5,89457,https://www.lottery.co.uk/thunderball/results/archive-2024
Wednesday 23rd October 2024,2024-10-23,13,19,34,36,38,5,106136,https://www.lottery.co.uk/thunderball/results/archive-2024
Friday 25th October 2024,2024-10-25,2,8,20,30,33,14,90828,https://www.lottery.co.uk/thunderball/results/archive-2024
Saturday 26th October 2024,2024-10-26,6,9,15,32,38,7,192425,https://www.lottery.co.uk/thunderball/results/archive-2024
Tuesday 29th October 2024,2024-10-29,8,12,17,23,38,5,91717,https://www.lottery.co.uk/thunderball/results/archive-2024
Wednesday 30th October 2024,2024-10-30,10,12,15,20,25,3,102046,https://www.lottery.co.uk/thunderball/results/archive-2024
Friday 1st November 2024,2024-11-01,1,13,18,21,35,8,105513,https://www.lottery.co.uk/thunderball/results/archive-2024
Saturday 2nd November 2024,2024-11-02,6,11,23,29,31,12,143893,https://www.lottery.co.uk/thunderball/results/archive-2024
Tuesday 5th November 2024,2024-11-05,4,8,10,11,30,11,83949,https://www.lottery.co.uk/thunderball/results/archive-2024
Wednesday 6th November 2024,2024-11-06,6,12,19,20,39,11,95608,https://www.lottery.co.uk/thunderball/results/archive-2024
Friday 8th November 2024,2024-11-08,3,25,29,31,39,4,96346,https://www.lottery.co.uk/thunderball/results/archive-2024
Saturday 9th November 2024,2024-11-09,8,15,22,28,33,12,143943,https://www.lottery.co.uk/thunderball/results/archive-2024
Tuesday 12th November 2024,2024-11-12,3,26,27,30,39,6,86420,https://www.lottery.co.uk/thunderball/results/archive-2024
Wednesday 13th November 2024,2024-11-13,4,28,30,34,38,11,95776,https://www.lottery.co.uk/thunderball/results/archive-2024
Friday 15th November 2024,2024-11-15,5,12,14,19,24,1,82727,https://www.lottery.co.uk/thunderball/results/archive-2024
Saturday 16th November 2024,2024-11-16,1,3,22,26,31,3,150413,https://www.lottery.co.uk/thunderball/results/archive-2024
Tuesday 19th November 2024,2024-11-19,3,4,16,20,22,5,92370,https://www.lottery.co.uk/thunderball/results/archive-2024
Wednesday 20th November 2024,2024-11-20,4,12,26,29,39,7,126279,https://www.lottery.co.uk/thunderball/results/archive-2024
Friday 22nd November 2024,2024-11-22,7,13,17,19,25,2,87708,https://www.lottery.co.uk/thunderball/results/archive-2024
Saturday 23rd November 2024,2024-11-23,5,17,27,37,39,13,142886,https://www.lottery.co.uk/thunderball/results/archive-2024
Tuesday 26th November 2024,2024-11-26,6,8,18,22,24,14,78755,https://www.lottery.co.uk/thunderball/results/archive-2024
Wednesday 27th November 2024,2024-11-27,3,8,21,33,34,6,93248,https://www.lottery.co.uk/thunderball/results/archive-2024
Friday 29th November 2024,2024-11-29,9,21,25,32,35,13,95001,https://www.lottery.co.uk/thunderball/results/archive-2024
Saturday 30th November 2024,2024-11-30,8,12,13,23,29,13,147788,https://www.lottery.co.uk/thunderball/results/archive-2024
Tuesday 3rd December 2024,2024-12-03,2,13,22,32,38,9,87365,https://www.lottery.co.uk/thunderball/results/archive-2024
Wednesday 4th December 2024,2024-12-04,1,4,10,20,33,13,94725,https://www.lottery.co.uk/thunderball/results/archive-2024
Friday 6th December 2024,2024-12-06,10,11,29,30,32,14,88793,https://www.lottery.co.uk/thunderball/results/archive-2024
Saturday 7th December 2024,2024-12-07,5,8,13,25,29,12,139401,https://www.lottery.co.uk/thunderball/results/archive-2024
Tuesday 10th December 2024,2024-12-10,9,11,17,36,39,13,79642,https://www.lottery.co.uk/thunderball/results/archive-2024
Wednesday 11th December 2024,2024-12-11,8,9,15,16,30,7,128151,https://www.lottery.co.uk/thunderball/results/archive-2024
Friday 13th December 2024,2024-12-13,3,16,17,18,28,11,99800,https://www.lottery.co.uk/thunderball/results/archive-2024
Saturday 14th December 2024,2024-12-14,3,9,16,23,33,14,142228,https://www.lottery.co.uk/thunderball/results/archive-2024
Tuesday 17th December 2024,2024-12-17,16,17,31,32,36,6,75851,https://www.lottery.co.uk/thunderball/results/archive-2024
Wednesday 18th December 2024,2024-12-18,7,15,19,28,37,4,98565,https://www.lottery.co.uk/thunderball/results/archive-2024
Friday 20th December 2024,2024-12-20,10,13,16,26,39,12,90170,https://www.lottery.co.uk/thunderball/results/archive-2024
Saturday 21st December 2024,2024-12-21,7,13,26,31,38,6,142615,https://www.lottery.co.uk/thunderball/results/archive-2024
Tuesday 24th December 2024,2024-12-24,1,6,8,13,19,13,100355,https://www.lottery.co.uk/thunderball/results/archive-2024
Wednesday 25th December 2024,2024-12-25,9,13,32,36,39,8,125076,https://www.lottery.co.uk/thunderball/results/archive-2024
Friday 27th December 2024,2024-12-27,6,20,27,29,30,5,111683,https://www.lottery.co.uk/thunderball/results/archive-2024
Saturday 28th December 2024,2024-12-28,6,17,21,27,34,3,150570,https://www.lottery.co.uk/thunderball/results/archive-2024
Tuesday 31st December 2024,2024-12-31,9,18,29,33,38,10,116943,https://www.lottery.co.uk/thunderball/results/archive-2024
